location_id,zone_id,type,bank_name,lat,lng,risk_level
ATM_001,Z01,Micro-ATM / CSP,HDFC,28.020743,77.025063,HIGH
ATM_002,Z01,Micro-ATM / CSP,ICICI,28.022093,77.039922,HIGH
ATM_003,Z01,ATM,SBI,28.014206,77.024206,HIGH
ATM_004,Z01,Micro-ATM / CSP,HDFC,28.030425,77.033164,LOW
ATM_005,Z02,ATM,HDFC,23.958301,86.806953,HIGH
ATM_006,Z02,ATM,SBI,23.958355,86.797934,HIGH
ATM_007,Z02,Micro-ATM / CSP,SBI,23.964664,86.784987,LOW
ATM_008,Z02,ATM,Axis,23.947072,86.797071,MEDIUM
ATM_009,Z03,ATM,SBI,30.891941,75.860111,LOW
ATM_010,Z03,PoS Terminal,ICICI,30.892878,75.844668,HIGH
ATM_011,Z03,ATM,ICICI,30.914109,75.855281,HIGH
ATM_012,Z03,ATM,Axis,30.901604,75.844557,HIGH
ATM_013,Z04,PoS Terminal,ICICI,31.629131,74.873292,MEDIUM
ATM_014,Z04,ATM,Axis,31.623705,74.87566,HIGH
ATM_015,Z04,PoS Terminal,HDFC,31.628628,74.869691,MEDIUM
ATM_016,Z04,Micro-ATM / CSP,ICICI,31.628618,74.888867,HIGH
ATM_017,Z05,Micro-ATM / CSP,HDFC,28.535379,77.23154,HIGH
ATM_018,Z05,Micro-ATM / CSP,SBI,28.542857,77.23008,MEDIUM
ATM_019,Z05,ATM,SBI,28.537368,77.223472,HIGH
ATM_020,Z05,PoS Terminal,ICICI,28.52362,77.242761,LOW
ATM_021,Z06,Micro-ATM / CSP,ICICI,-33.826895,76.486033,HIGH
ATM_022,Z06,PoS Terminal,ICICI,-33.834534,76.481807,HIGH
ATM_023,Z06,Micro-ATM / CSP,ICICI,-33.846724,76.478062,HIGH
ATM_024,Z06,Micro-ATM / CSP,SBI,-33.83762,76.493955,HIGH
ATM_025,Z07,ATM,Axis,-11.449927,128.572931,LOW
ATM_026,Z07,PoS Terminal,SBI,-11.450101,128.585256,MEDIUM
ATM_027,Z07,ATM,SBI,-11.459055,128.594171,HIGH
ATM_028,Z07,PoS Terminal,Axis,-11.443778,128.59703,MEDIUM
ATM_029,Z08,ATM,SBI,33.960194,6.505134,MEDIUM
ATM_030,Z08,ATM,Axis,33.970663,6.516626,LOW
ATM_031,Z08,Micro-ATM / CSP,Axis,33.963414,6.506239,HIGH
ATM_032,Z08,PoS Terminal,SBI,33.957805,6.497201,HIGH
ATM_033,Z09,Micro-ATM / CSP,ICICI,-81.400833,-138.569169,LOW
ATM_034,Z09,Micro-ATM / CSP,Axis,-81.408744,-138.572324,MEDIUM
ATM_035,Z09,ATM,SBI,-81.404865,-138.58707,LOW
ATM_036,Z09,ATM,HDFC,-81.404868,-138.567543,HIGH
ATM_037,Z10,ATM,SBI,9.86098,97.780695,LOW
ATM_038,Z10,Micro-ATM / CSP,HDFC,9.837868,97.774051,LOW
ATM_039,Z10,PoS Terminal,Axis,9.862079,97.764026,MEDIUM
ATM_040,Z10,Micro-ATM / CSP,HDFC,9.862121,97.748923,HIGH
ATM_041,Z11,Micro-ATM / CSP,ICICI,14.714135,43.793994,MEDIUM
ATM_042,Z11,ATM,ICICI,14.729319,43.786164,LOW
ATM_043,Z11,ATM,Axis,14.708869,43.786312,HIGH
ATM_044,Z11,Micro-ATM / CSP,ICICI,14.724288,43.79374,HIGH
ATM_045,Z12,Micro-ATM / CSP,HDFC,-75.534038,125.258391,MEDIUM
ATM_046,Z12,Micro-ATM / CSP,SBI,-75.528432,125.262464,HIGH
ATM_047,Z12,PoS Terminal,SBI,-75.535579,125.250869,HIGH
ATM_048,Z12,Micro-ATM / CSP,ICICI,-75.532807,125.24071,LOW
ATM_049,Z13,ATM,HDFC,-14.314351,136.503435,MEDIUM
ATM_050,Z13,PoS Terminal,SBI,-14.316954,136.499002,HIGH
ATM_051,Z13,ATM,HDFC,-14.329659,136.497338,HIGH
ATM_052,Z13,Micro-ATM / CSP,Axis,-14.320065,136.493924,HIGH
ATM_053,Z14,Micro-ATM / CSP,SBI,-58.885743,-15.711086,HIGH
ATM_054,Z14,Micro-ATM / CSP,Axis,-58.867429,-15.713139,HIGH
ATM_055,Z14,PoS Terminal,Axis,-58.881996,-15.715366,HIGH
ATM_056,Z14,Micro-ATM / CSP,SBI,-58.901462,-15.714937,MEDIUM
ATM_057,Z15,PoS Terminal,ICICI,64.582439,-87.997768,LOW
ATM_058,Z15,Micro-ATM / CSP,Axis,64.580179,-88.017103,HIGH
ATM_059,Z15,ATM,SBI,64.58159,-88.030253,HIGH
ATM_060,Z15,PoS Terminal,HDFC,64.592122,-88.013075,HIGH
ATM_061,Z16,Micro-ATM / CSP,SBI,44.193275,-137.143734,HIGH
ATM_062,Z16,ATM,HDFC,44.198747,-137.148139,HIGH
ATM_063,Z16,ATM,HDFC,44.191449,-137.116008,MEDIUM
ATM_064,Z16,ATM,SBI,44.17734,-137.140665,MEDIUM
ATM_065,Z17,Micro-ATM / CSP,Axis,-75.366209,102.152897,HIGH
ATM_066,Z17,Micro-ATM / CSP,SBI,-75.38097,102.158013,LOW
ATM_067,Z17,ATM,Axis,-75.376602,102.161636,LOW
ATM_068,Z17,ATM,HDFC,-75.375324,102.171263,HIGH
ATM_069,Z18,Micro-ATM / CSP,Axis,44.576694,8.535819,MEDIUM
ATM_070,Z18,PoS Terminal,Axis,44.590976,8.527691,LOW
ATM_071,Z18,Micro-ATM / CSP,HDFC,44.585734,8.550391,HIGH
ATM_072,Z18,ATM,Axis,44.569322,8.540351,MEDIUM
ATM_073,Z19,ATM,SBI,82.578524,32.575393,HIGH
ATM_074,Z19,ATM,Axis,82.565136,32.556589,HIGH
ATM_075,Z19,PoS Terminal,SBI,82.580868,32.571056,MEDIUM
ATM_076,Z19,PoS Terminal,SBI,82.57844,32.571499,HIGH
ATM_077,Z20,PoS Terminal,HDFC,55.254018,99.169177,HIGH
ATM_078,Z20,Micro-ATM / CSP,HDFC,55.262721,99.160711,HIGH
ATM_079,Z20,ATM,SBI,55.276788,99.171338,LOW
ATM_080,Z20,PoS Terminal,Axis,55.249445,99.172972,HIGH
