entity_id,syndicate_id,operating_zone_id
ENT_00001,SYN_001,Z016
ENT_00002,SYN_001,Z016
ENT_00003,SYN_001,Z016
ENT_00004,SYN_001,Z016
ENT_00005,SYN_001,Z016
ENT_00006,SYN_001,Z016
ENT_00007,SYN_001,Z016
ENT_00008,SYN_001,Z016
ENT_00009,SYN_001,Z016
ENT_00010,SYN_001,Z016
ENT_00011,SYN_001,Z016
ENT_00012,SYN_001,Z016
ENT_00013,SYN_001,Z016
ENT_00014,SYN_001,Z016
ENT_00015,SYN_001,Z016
ENT_00016,SYN_001,Z016
ENT_00017,SYN_001,Z016
ENT_00018,SYN_001,Z016
ENT_00019,SYN_001,Z016
ENT_00020,SYN_001,Z016
ENT_00021,SYN_001,Z016
ENT_00022,SYN_001,Z016
ENT_00023,SYN_001,Z016
ENT_00024,SYN_001,Z016
ENT_00025,SYN_001,Z016
ENT_00026,SYN_001,Z016
ENT_00027,SYN_001,Z016
ENT_00028,SYN_001,Z016
ENT_00029,SYN_001,Z016
ENT_00030,SYN_001,Z016
ENT_00031,SYN_001,Z016
ENT_00032,SYN_002,Z015
ENT_00033,SYN_002,Z015
ENT_00034,SYN_002,Z015
ENT_00035,SYN_002,Z015
ENT_00036,SYN_002,Z015
ENT_00037,SYN_002,Z015
ENT_00038,SYN_002,Z015
ENT_00039,SYN_002,Z015
ENT_00040,SYN_002,Z015
ENT_00041,SYN_002,Z015
ENT_00042,SYN_002,Z015
ENT_00043,SYN_002,Z015
ENT_00044,SYN_002,Z015
ENT_00045,SYN_002,Z015
ENT_00046,SYN_002,Z015
ENT_00047,SYN_002,Z015
ENT_00048,SYN_002,Z015
ENT_00049,SYN_002,Z015
ENT_00050,SYN_002,Z015
ENT_00051,SYN_002,Z015
ENT_00052,SYN_002,Z015
ENT_00053,SYN_002,Z015
ENT_00054,SYN_002,Z015
ENT_00055,SYN_002,Z015
ENT_00056,SYN_002,Z015
ENT_00057,SYN_002,Z015
ENT_00058,SYN_002,Z015
ENT_00059,SYN_002,Z015
ENT_00060,SYN_002,Z015
ENT_00061,SYN_002,Z015
ENT_00062,SYN_002,Z015
ENT_00063,SYN_002,Z015
ENT_00064,SYN_002,Z015
ENT_00065,SYN_002,Z015
ENT_00066,SYN_002,Z015
ENT_00067,SYN_002,Z015
ENT_00068,SYN_002,Z015
ENT_00069,SYN_002,Z015
ENT_00070,SYN_002,Z015
ENT_00071,SYN_002,Z015
ENT_00072,SYN_002,Z015
ENT_00073,SYN_002,Z015
ENT_00074,SYN_002,Z015
ENT_00075,SYN_002,Z015
ENT_00076,SYN_002,Z015
ENT_00077,SYN_002,Z015
ENT_00078,SYN_002,Z015
ENT_00079,SYN_002,Z015
ENT_00080,SYN_002,Z015
ENT_00081,SYN_002,Z015
ENT_00082,SYN_002,Z015
ENT_00083,SYN_002,Z015
ENT_00084,SYN_002,Z015
ENT_00085,SYN_002,Z015
ENT_00086,SYN_002,Z015
ENT_00087,SYN_002,Z015
ENT_00088,SYN_002,Z015
ENT_00089,SYN_002,Z015
ENT_00090,SYN_002,Z015
ENT_00091,SYN_002,Z015
ENT_00092,SYN_002,Z015
ENT_00093,SYN_002,Z015
ENT_00094,SYN_002,Z015
ENT_00095,SYN_002,Z015
ENT_00096,SYN_002,Z015
ENT_00097,SYN_002,Z015
ENT_00098,SYN_002,Z015
ENT_00099,SYN_002,Z015
ENT_00100,SYN_002,Z015
ENT_00101,SYN_002,Z015
ENT_00102,SYN_002,Z015
ENT_00103,SYN_002,Z015
ENT_00104,SYN_002,Z015
ENT_00105,SYN_002,Z015
ENT_00106,SYN_002,Z015
ENT_00107,SYN_002,Z015
ENT_00108,SYN_002,Z015
ENT_00109,SYN_002,Z015
ENT_00110,SYN_002,Z015
ENT_00111,SYN_002,Z015
ENT_00112,SYN_002,Z015
ENT_00113,SYN_002,Z015
ENT_00114,SYN_002,Z015
ENT_00115,SYN_002,Z015
ENT_00116,SYN_002,Z015
ENT_00117,SYN_002,Z015
ENT_00118,SYN_002,Z015
ENT_00119,SYN_002,Z015
ENT_00120,SYN_003,Z036
ENT_00121,SYN_003,Z036
ENT_00122,SYN_003,Z052
ENT_00123,SYN_003,Z052
ENT_00124,SYN_003,Z036
ENT_00125,SYN_003,Z036
ENT_00126,SYN_003,Z052
ENT_00127,SYN_003,Z036
ENT_00128,SYN_003,Z036
ENT_00129,SYN_003,Z052
ENT_00130,SYN_003,Z036
ENT_00131,SYN_003,Z052
ENT_00132,SYN_003,Z052
ENT_00133,SYN_003,Z036
ENT_00134,SYN_003,Z036
ENT_00135,SYN_003,Z052
ENT_00136,SYN_003,Z052
ENT_00137,SYN_003,Z052
ENT_00138,SYN_003,Z052
ENT_00139,SYN_003,Z036
ENT_00140,SYN_003,Z036
ENT_00141,SYN_003,Z036
ENT_00142,SYN_003,Z036
ENT_00143,SYN_003,Z052
ENT_00144,SYN_003,Z036
ENT_00145,SYN_003,Z052
ENT_00146,SYN_003,Z036
ENT_00147,SYN_003,Z036
ENT_00148,SYN_003,Z052
ENT_00149,SYN_003,Z036
ENT_00150,SYN_003,Z052
ENT_00151,SYN_003,Z036
ENT_00152,SYN_003,Z036
ENT_00153,SYN_003,Z036
ENT_00154,SYN_004,Z075
ENT_00155,SYN_004,Z032
ENT_00156,SYN_004,Z010
ENT_00157,SYN_004,Z075
ENT_00158,SYN_004,Z032
ENT_00159,SYN_004,Z075
ENT_00160,SYN_004,Z010
ENT_00161,SYN_004,Z075
ENT_00162,SYN_004,Z032
ENT_00163,SYN_004,Z075
ENT_00164,SYN_004,Z032
ENT_00165,SYN_004,Z010
ENT_00166,SYN_004,Z010
ENT_00167,SYN_004,Z032
ENT_00168,SYN_004,Z075
ENT_00169,SYN_004,Z010
ENT_00170,SYN_004,Z032
ENT_00171,SYN_004,Z032
ENT_00172,SYN_004,Z010
ENT_00173,SYN_004,Z075
ENT_00174,SYN_004,Z075
ENT_00175,SYN_004,Z032
ENT_00176,SYN_004,Z010
ENT_00177,SYN_004,Z010
ENT_00178,SYN_004,Z032
ENT_00179,SYN_004,Z075
ENT_00180,SYN_004,Z032
ENT_00181,SYN_004,Z010
ENT_00182,SYN_004,Z032
ENT_00183,SYN_004,Z032
ENT_00184,SYN_004,Z032
ENT_00185,SYN_004,Z010
ENT_00186,SYN_004,Z010
ENT_00187,SYN_004,Z032
ENT_00188,SYN_004,Z032
ENT_00189,SYN_004,Z075
ENT_00190,SYN_004,Z032
ENT_00191,SYN_004,Z010
ENT_00192,SYN_004,Z010
ENT_00193,SYN_004,Z075
ENT_00194,SYN_004,Z010
ENT_00195,SYN_004,Z032
ENT_00196,SYN_004,Z075
ENT_00197,SYN_004,Z010
ENT_00198,SYN_004,Z010
ENT_00199,SYN_004,Z032
ENT_00200,SYN_004,Z032
ENT_00201,SYN_004,Z010
ENT_00202,SYN_004,Z032
ENT_00203,SYN_004,Z032
ENT_00204,SYN_004,Z010
ENT_00205,SYN_004,Z010
ENT_00206,SYN_004,Z075
ENT_00207,SYN_004,Z075
ENT_00208,SYN_004,Z032
ENT_00209,SYN_004,Z032
ENT_00210,SYN_004,Z032
ENT_00211,SYN_004,Z010
ENT_00212,SYN_004,Z010
ENT_00213,SYN_004,Z032
ENT_00214,SYN_004,Z032
ENT_00215,SYN_004,Z075
ENT_00216,SYN_004,Z075
ENT_00217,SYN_004,Z075
ENT_00218,SYN_004,Z075
ENT_00219,SYN_004,Z075
ENT_00220,SYN_005,Z046
ENT_00221,SYN_005,Z046
ENT_00222,SYN_005,Z046
ENT_00223,SYN_005,Z046
ENT_00224,SYN_005,Z046
ENT_00225,SYN_005,Z046
ENT_00226,SYN_005,Z046
ENT_00227,SYN_005,Z046
ENT_00228,SYN_005,Z046
ENT_00229,SYN_005,Z046
ENT_00230,SYN_005,Z046
ENT_00231,SYN_005,Z046
ENT_00232,SYN_005,Z046
ENT_00233,SYN_005,Z046
ENT_00234,SYN_005,Z046
ENT_00235,SYN_005,Z046
ENT_00236,SYN_005,Z046
ENT_00237,SYN_005,Z046
ENT_00238,SYN_005,Z046
ENT_00239,SYN_005,Z046
ENT_00240,SYN_005,Z046
ENT_00241,SYN_005,Z046
ENT_00242,SYN_005,Z046
ENT_00243,SYN_005,Z046
ENT_00244,SYN_005,Z046
ENT_00245,SYN_005,Z046
ENT_00246,SYN_005,Z046
ENT_00247,SYN_005,Z046
ENT_00248,SYN_005,Z046
ENT_00249,SYN_005,Z046
ENT_00250,SYN_005,Z046
ENT_00251,SYN_005,Z046
ENT_00252,SYN_005,Z046
ENT_00253,SYN_005,Z046
ENT_00254,SYN_005,Z046
ENT_00255,SYN_005,Z046
ENT_00256,SYN_005,Z046
ENT_00257,SYN_005,Z046
ENT_00258,SYN_005,Z046
ENT_00259,SYN_005,Z046
ENT_00260,SYN_005,Z046
ENT_00261,SYN_005,Z046
ENT_00262,SYN_005,Z046
ENT_00263,SYN_005,Z046
ENT_00264,SYN_005,Z046
ENT_00265,SYN_005,Z046
ENT_00266,SYN_005,Z046
ENT_00267,SYN_005,Z046
ENT_00268,SYN_005,Z046
ENT_00269,SYN_005,Z046
ENT_00270,SYN_005,Z046
ENT_00271,SYN_005,Z046
ENT_00272,SYN_005,Z046
ENT_00273,SYN_005,Z046
ENT_00274,SYN_005,Z046
ENT_00275,SYN_005,Z046
ENT_00276,SYN_005,Z046
ENT_00277,SYN_005,Z046
ENT_00278,SYN_005,Z046
ENT_00279,SYN_005,Z046
ENT_00280,SYN_005,Z046
ENT_00281,SYN_005,Z046
ENT_00282,SYN_005,Z046
ENT_00283,SYN_005,Z046
ENT_00284,SYN_005,Z046
ENT_00285,SYN_005,Z046
ENT_00286,SYN_005,Z046
ENT_00287,SYN_005,Z046
ENT_00288,SYN_005,Z046
ENT_00289,SYN_005,Z046
ENT_00290,SYN_005,Z046
ENT_00291,SYN_005,Z046
ENT_00292,SYN_005,Z046
ENT_00293,SYN_005,Z046
ENT_00294,SYN_005,Z046
ENT_00295,SYN_005,Z046
ENT_00296,SYN_005,Z046
ENT_00297,SYN_005,Z046
ENT_00298,SYN_005,Z046
ENT_00299,SYN_005,Z046
ENT_00300,SYN_005,Z046
ENT_00301,SYN_005,Z046
ENT_00302,SYN_005,Z046
ENT_00303,SYN_005,Z046
ENT_00304,SYN_005,Z046
ENT_00305,SYN_005,Z046
ENT_00306,SYN_005,Z046
ENT_00307,SYN_005,Z046
ENT_00308,SYN_005,Z046
ENT_00309,SYN_005,Z046
ENT_00310,SYN_005,Z046
ENT_00311,SYN_005,Z046
ENT_00312,SYN_005,Z046
ENT_00313,SYN_005,Z046
ENT_00314,SYN_005,Z046
ENT_00315,SYN_005,Z046
ENT_00316,SYN_005,Z046
ENT_00317,SYN_005,Z046
ENT_00318,SYN_005,Z046
ENT_00319,SYN_005,Z046
ENT_00320,SYN_005,Z046
ENT_00321,SYN_005,Z046
ENT_00322,SYN_005,Z046
ENT_00323,SYN_005,Z046
ENT_00324,SYN_005,Z046
ENT_00325,SYN_005,Z046
ENT_00326,SYN_005,Z046
ENT_00327,SYN_005,Z046
ENT_00328,SYN_005,Z046
ENT_00329,SYN_005,Z046
ENT_00330,SYN_005,Z046
ENT_00331,SYN_005,Z046
ENT_00332,SYN_005,Z046
ENT_00333,SYN_005,Z046
ENT_00334,SYN_005,Z046
ENT_00335,SYN_005,Z046
ENT_00336,SYN_005,Z046
ENT_00337,SYN_005,Z046
ENT_00338,SYN_005,Z046
ENT_00339,SYN_005,Z046
ENT_00340,SYN_005,Z046
ENT_00341,SYN_005,Z046
ENT_00342,SYN_005,Z046
ENT_00343,SYN_005,Z046
ENT_00344,SYN_005,Z046
ENT_00345,SYN_005,Z046
ENT_00346,SYN_005,Z046
ENT_00347,SYN_005,Z046
ENT_00348,SYN_005,Z046
ENT_00349,SYN_005,Z046
ENT_00350,SYN_005,Z046
ENT_00351,SYN_005,Z046
ENT_00352,SYN_005,Z046
ENT_00353,SYN_005,Z046
ENT_00354,SYN_005,Z046
ENT_00355,SYN_005,Z046
ENT_00356,SYN_005,Z046
ENT_00357,SYN_005,Z046
ENT_00358,SYN_005,Z046
ENT_00359,SYN_005,Z046
ENT_00360,SYN_005,Z046
ENT_00361,SYN_005,Z046
ENT_00362,SYN_005,Z046
ENT_00363,SYN_005,Z046
ENT_00364,SYN_005,Z046
ENT_00365,SYN_005,Z046
ENT_00366,SYN_005,Z046
ENT_00367,SYN_005,Z046
ENT_00368,SYN_005,Z046
ENT_00369,SYN_005,Z046
ENT_00370,SYN_005,Z046
ENT_00371,SYN_005,Z046
ENT_00372,SYN_005,Z046
ENT_00373,SYN_005,Z046
ENT_00374,SYN_005,Z046
ENT_00375,SYN_005,Z046
ENT_00376,SYN_005,Z046
ENT_00377,SYN_005,Z046
ENT_00378,SYN_005,Z046
ENT_00379,SYN_005,Z046
ENT_00380,SYN_005,Z046
ENT_00381,SYN_005,Z046
ENT_00382,SYN_005,Z046
ENT_00383,SYN_005,Z046
ENT_00384,SYN_006,Z038
ENT_00385,SYN_006,Z051
ENT_00386,SYN_006,Z051
ENT_00387,SYN_006,Z051
ENT_00388,SYN_006,Z026
ENT_00389,SYN_006,Z051
ENT_00390,SYN_006,Z026
ENT_00391,SYN_006,Z026
ENT_00392,SYN_006,Z051
ENT_00393,SYN_006,Z051
ENT_00394,SYN_006,Z051
ENT_00395,SYN_006,Z051
ENT_00396,SYN_006,Z026
ENT_00397,SYN_006,Z038
ENT_00398,SYN_006,Z026
ENT_00399,SYN_006,Z051
ENT_00400,SYN_006,Z026
ENT_00401,SYN_006,Z051
ENT_00402,SYN_006,Z051
ENT_00403,SYN_006,Z051
ENT_00404,SYN_006,Z051
ENT_00405,SYN_006,Z026
ENT_00406,SYN_006,Z026
ENT_00407,SYN_006,Z026
ENT_00408,SYN_006,Z051
ENT_00409,SYN_006,Z026
ENT_00410,SYN_006,Z038
ENT_00411,SYN_006,Z026
ENT_00412,SYN_006,Z051
ENT_00413,SYN_006,Z038
ENT_00414,SYN_006,Z026
ENT_00415,SYN_006,Z038
ENT_00416,SYN_006,Z038
ENT_00417,SYN_006,Z051
ENT_00418,SYN_006,Z026
ENT_00419,SYN_006,Z051
ENT_00420,SYN_006,Z051
ENT_00421,SYN_006,Z026
ENT_00422,SYN_006,Z038
ENT_00423,SYN_006,Z038
ENT_00424,SYN_006,Z038
ENT_00425,SYN_006,Z038
ENT_00426,SYN_006,Z026
ENT_00427,SYN_006,Z038
ENT_00428,SYN_006,Z051
ENT_00429,SYN_006,Z026
ENT_00430,SYN_006,Z026
ENT_00431,SYN_006,Z038
ENT_00432,SYN_006,Z026
ENT_00433,SYN_006,Z026
ENT_00434,SYN_006,Z038
ENT_00435,SYN_006,Z038
ENT_00436,SYN_006,Z026
ENT_00437,SYN_006,Z038
ENT_00438,SYN_006,Z026
ENT_00439,SYN_006,Z038
ENT_00440,SYN_006,Z051
ENT_00441,SYN_006,Z026
ENT_00442,SYN_006,Z038
ENT_00443,SYN_006,Z038
ENT_00444,SYN_006,Z051
ENT_00445,SYN_006,Z051
ENT_00446,SYN_006,Z026
ENT_00447,SYN_006,Z026
ENT_00448,SYN_006,Z038
ENT_00449,SYN_006,Z038
ENT_00450,SYN_006,Z051
ENT_00451,SYN_006,Z051
ENT_00452,SYN_006,Z038
ENT_00453,SYN_006,Z026
ENT_00454,SYN_006,Z038
ENT_00455,SYN_006,Z038
ENT_00456,SYN_006,Z051
ENT_00457,SYN_006,Z026
ENT_00458,SYN_006,Z038
ENT_00459,SYN_006,Z051
ENT_00460,SYN_006,Z051
ENT_00461,SYN_006,Z038
ENT_00462,SYN_006,Z051
ENT_00463,SYN_006,Z051
ENT_00464,SYN_006,Z051
ENT_00465,SYN_006,Z026
ENT_00466,SYN_006,Z051
ENT_00467,SYN_006,Z051
ENT_00468,SYN_006,Z051
ENT_00469,SYN_006,Z038
ENT_00470,SYN_006,Z038
ENT_00471,SYN_006,Z038
ENT_00472,SYN_006,Z038
ENT_00473,SYN_006,Z026
ENT_00474,SYN_006,Z038
ENT_00475,SYN_006,Z026
ENT_00476,SYN_006,Z051
ENT_00477,SYN_006,Z038
ENT_00478,SYN_006,Z051
ENT_00479,SYN_007,Z046
ENT_00480,SYN_007,Z046
ENT_00481,SYN_007,Z046
ENT_00482,SYN_007,Z046
ENT_00483,SYN_007,Z046
ENT_00484,SYN_007,Z046
ENT_00485,SYN_007,Z046
ENT_00486,SYN_007,Z046
ENT_00487,SYN_007,Z046
ENT_00488,SYN_007,Z046
ENT_00489,SYN_007,Z046
ENT_00490,SYN_007,Z046
ENT_00491,SYN_007,Z046
ENT_00492,SYN_007,Z046
ENT_00493,SYN_007,Z046
ENT_00494,SYN_007,Z046
ENT_00495,SYN_007,Z046
ENT_00496,SYN_007,Z046
ENT_00497,SYN_007,Z046
ENT_00498,SYN_007,Z046
ENT_00499,SYN_007,Z046
ENT_00500,SYN_007,Z046
ENT_00501,SYN_007,Z046
ENT_00502,SYN_007,Z046
ENT_00503,SYN_007,Z046
ENT_00504,SYN_007,Z046
ENT_00505,SYN_007,Z046
ENT_00506,SYN_007,Z046
ENT_00507,SYN_007,Z046
ENT_00508,SYN_007,Z046
ENT_00509,SYN_007,Z046
ENT_00510,SYN_007,Z046
ENT_00511,SYN_007,Z046
ENT_00512,SYN_007,Z046
ENT_00513,SYN_007,Z046
ENT_00514,SYN_007,Z046
ENT_00515,SYN_007,Z046
ENT_00516,SYN_007,Z046
ENT_00517,SYN_007,Z046
ENT_00518,SYN_007,Z046
ENT_00519,SYN_007,Z046
ENT_00520,SYN_007,Z046
ENT_00521,SYN_007,Z046
ENT_00522,SYN_007,Z046
ENT_00523,SYN_007,Z046
ENT_00524,SYN_007,Z046
ENT_00525,SYN_007,Z046
ENT_00526,SYN_007,Z046
ENT_00527,SYN_007,Z046
ENT_00528,SYN_007,Z046
ENT_00529,SYN_007,Z046
ENT_00530,SYN_007,Z046
ENT_00531,SYN_007,Z046
ENT_00532,SYN_007,Z046
ENT_00533,SYN_007,Z046
ENT_00534,SYN_007,Z046
ENT_00535,SYN_007,Z046
ENT_00536,SYN_007,Z046
ENT_00537,SYN_007,Z046
ENT_00538,SYN_007,Z046
ENT_00539,SYN_007,Z046
ENT_00540,SYN_007,Z046
ENT_00541,SYN_007,Z046
ENT_00542,SYN_007,Z046
ENT_00543,SYN_007,Z046
ENT_00544,SYN_007,Z046
ENT_00545,SYN_007,Z046
ENT_00546,SYN_007,Z046
ENT_00547,SYN_007,Z046
ENT_00548,SYN_007,Z046
ENT_00549,SYN_007,Z046
ENT_00550,SYN_007,Z046
ENT_00551,SYN_007,Z046
ENT_00552,SYN_007,Z046
ENT_00553,SYN_007,Z046
ENT_00554,SYN_007,Z046
ENT_00555,SYN_007,Z046
ENT_00556,SYN_007,Z046
ENT_00557,SYN_007,Z046
ENT_00558,SYN_007,Z046
ENT_00559,SYN_007,Z046
ENT_00560,SYN_007,Z046
ENT_00561,SYN_007,Z046
ENT_00562,SYN_007,Z046
ENT_00563,SYN_007,Z046
ENT_00564,SYN_008,Z075
ENT_00565,SYN_008,Z035
ENT_00566,SYN_008,Z075
ENT_00567,SYN_008,Z075
ENT_00568,SYN_008,Z035
ENT_00569,SYN_008,Z035
ENT_00570,SYN_008,Z035
ENT_00571,SYN_008,Z035
ENT_00572,SYN_008,Z035
ENT_00573,SYN_008,Z075
ENT_00574,SYN_008,Z075
ENT_00575,SYN_008,Z075
ENT_00576,SYN_008,Z035
ENT_00577,SYN_008,Z035
ENT_00578,SYN_008,Z075
ENT_00579,SYN_008,Z035
ENT_00580,SYN_008,Z035
ENT_00581,SYN_008,Z075
ENT_00582,SYN_008,Z075
ENT_00583,SYN_008,Z075
ENT_00584,SYN_008,Z075
ENT_00585,SYN_008,Z035
ENT_00586,SYN_008,Z035
ENT_00587,SYN_008,Z035
ENT_00588,SYN_008,Z035
ENT_00589,SYN_008,Z075
ENT_00590,SYN_008,Z035
ENT_00591,SYN_008,Z075
ENT_00592,SYN_008,Z075
ENT_00593,SYN_008,Z075
ENT_00594,SYN_008,Z035
ENT_00595,SYN_008,Z035
ENT_00596,SYN_008,Z035
ENT_00597,SYN_008,Z035
ENT_00598,SYN_008,Z035
ENT_00599,SYN_008,Z035
ENT_00600,SYN_008,Z035
ENT_00601,SYN_008,Z075
ENT_00602,SYN_008,Z075
ENT_00603,SYN_008,Z075
ENT_00604,SYN_008,Z035
ENT_00605,SYN_008,Z075
ENT_00606,SYN_008,Z035
ENT_00607,SYN_008,Z075
ENT_00608,SYN_008,Z075
ENT_00609,SYN_008,Z075
ENT_00610,SYN_008,Z035
ENT_00611,SYN_008,Z035
ENT_00612,SYN_008,Z035
ENT_00613,SYN_008,Z035
ENT_00614,SYN_008,Z035
ENT_00615,SYN_008,Z075
ENT_00616,SYN_008,Z035
ENT_00617,SYN_008,Z075
ENT_00618,SYN_008,Z035
ENT_00619,SYN_008,Z075
ENT_00620,SYN_008,Z035
ENT_00621,SYN_008,Z035
ENT_00622,SYN_008,Z035
ENT_00623,SYN_008,Z035
ENT_00624,SYN_008,Z035
ENT_00625,SYN_008,Z075
ENT_00626,SYN_008,Z035
ENT_00627,SYN_008,Z035
ENT_00628,SYN_008,Z035
ENT_00629,SYN_008,Z035
ENT_00630,SYN_008,Z075
ENT_00631,SYN_008,Z075
ENT_00632,SYN_008,Z075
ENT_00633,SYN_008,Z075
ENT_00634,SYN_008,Z035
ENT_00635,SYN_008,Z035
ENT_00636,SYN_008,Z035
ENT_00637,SYN_008,Z075
ENT_00638,SYN_008,Z035
ENT_00639,SYN_008,Z075
ENT_00640,SYN_008,Z035
ENT_00641,SYN_008,Z035
ENT_00642,SYN_008,Z035
ENT_00643,SYN_008,Z075
ENT_00644,SYN_008,Z075
ENT_00645,SYN_008,Z075
ENT_00646,SYN_008,Z075
ENT_00647,SYN_008,Z035
ENT_00648,SYN_008,Z075
ENT_00649,SYN_008,Z075
ENT_00650,SYN_008,Z075
ENT_00651,SYN_008,Z075
ENT_00652,SYN_008,Z035
ENT_00653,SYN_008,Z035
ENT_00654,SYN_008,Z075
ENT_00655,SYN_008,Z075
ENT_00656,SYN_008,Z035
ENT_00657,SYN_008,Z075
ENT_00658,SYN_008,Z075
ENT_00659,SYN_008,Z075
ENT_00660,SYN_008,Z075
ENT_00661,SYN_008,Z075
ENT_00662,SYN_008,Z075
ENT_00663,SYN_008,Z075
ENT_00664,SYN_008,Z035
ENT_00665,SYN_008,Z075
ENT_00666,SYN_008,Z075
ENT_00667,SYN_008,Z075
ENT_00668,SYN_008,Z035
ENT_00669,SYN_008,Z035
ENT_00670,SYN_008,Z075
ENT_00671,SYN_008,Z035
ENT_00672,SYN_008,Z075
ENT_00673,SYN_008,Z075
ENT_00674,SYN_008,Z075
ENT_00675,SYN_008,Z035
ENT_00676,SYN_008,Z075
ENT_00677,SYN_008,Z075
ENT_00678,SYN_008,Z075
ENT_00679,SYN_008,Z035
ENT_00680,SYN_008,Z075
ENT_00681,SYN_008,Z075
ENT_00682,SYN_008,Z075
ENT_00683,SYN_008,Z035
ENT_00684,SYN_008,Z035
ENT_00685,SYN_008,Z075
ENT_00686,SYN_008,Z035
ENT_00687,SYN_008,Z075
ENT_00688,SYN_008,Z075
ENT_00689,SYN_008,Z035
ENT_00690,SYN_008,Z035
ENT_00691,SYN_008,Z075
ENT_00692,SYN_008,Z035
ENT_00693,SYN_008,Z075
ENT_00694,SYN_008,Z075
ENT_00695,SYN_008,Z075
ENT_00696,SYN_008,Z075
ENT_00697,SYN_008,Z035
ENT_00698,SYN_008,Z075
ENT_00699,SYN_008,Z035
ENT_00700,SYN_008,Z035
ENT_00701,SYN_008,Z075
ENT_00702,SYN_008,Z075
ENT_00703,SYN_008,Z035
ENT_00704,SYN_008,Z075
ENT_00705,SYN_008,Z075
ENT_00706,SYN_008,Z075
ENT_00707,SYN_009,Z007
ENT_00708,SYN_009,Z007
ENT_00709,SYN_009,Z007
ENT_00710,SYN_009,Z007
ENT_00711,SYN_009,Z007
ENT_00712,SYN_009,Z007
ENT_00713,SYN_009,Z007
ENT_00714,SYN_009,Z007
ENT_00715,SYN_009,Z007
ENT_00716,SYN_009,Z007
ENT_00717,SYN_009,Z007
ENT_00718,SYN_009,Z007
ENT_00719,SYN_009,Z007
ENT_00720,SYN_009,Z007
ENT_00721,SYN_009,Z007
ENT_00722,SYN_009,Z007
ENT_00723,SYN_009,Z007
ENT_00724,SYN_009,Z007
ENT_00725,SYN_009,Z007
ENT_00726,SYN_009,Z007
ENT_00727,SYN_009,Z007
ENT_00728,SYN_009,Z007
ENT_00729,SYN_009,Z007
ENT_00730,SYN_009,Z007
ENT_00731,SYN_009,Z007
ENT_00732,SYN_009,Z007
ENT_00733,SYN_009,Z007
ENT_00734,SYN_009,Z007
ENT_00735,SYN_009,Z007
ENT_00736,SYN_009,Z007
ENT_00737,SYN_009,Z007
ENT_00738,SYN_009,Z007
ENT_00739,SYN_009,Z007
ENT_00740,SYN_009,Z007
ENT_00741,SYN_009,Z007
ENT_00742,SYN_009,Z007
ENT_00743,SYN_009,Z007
ENT_00744,SYN_009,Z007
ENT_00745,SYN_009,Z007
ENT_00746,SYN_009,Z007
ENT_00747,SYN_009,Z007
ENT_00748,SYN_009,Z007
ENT_00749,SYN_009,Z007
ENT_00750,SYN_009,Z007
ENT_00751,SYN_009,Z007
ENT_00752,SYN_009,Z007
ENT_00753,SYN_009,Z007
ENT_00754,SYN_009,Z007
ENT_00755,SYN_009,Z007
ENT_00756,SYN_009,Z007
ENT_00757,SYN_009,Z007
ENT_00758,SYN_009,Z007
ENT_00759,SYN_009,Z007
ENT_00760,SYN_009,Z007
ENT_00761,SYN_009,Z007
ENT_00762,SYN_009,Z007
ENT_00763,SYN_009,Z007
ENT_00764,SYN_009,Z007
ENT_00765,SYN_009,Z007
ENT_00766,SYN_009,Z007
ENT_00767,SYN_009,Z007
ENT_00768,SYN_009,Z007
ENT_00769,SYN_009,Z007
ENT_00770,SYN_009,Z007
ENT_00771,SYN_009,Z007
ENT_00772,SYN_009,Z007
ENT_00773,SYN_009,Z007
ENT_00774,SYN_009,Z007
ENT_00775,SYN_009,Z007
ENT_00776,SYN_009,Z007
ENT_00777,SYN_009,Z007
ENT_00778,SYN_009,Z007
ENT_00779,SYN_009,Z007
ENT_00780,SYN_009,Z007
ENT_00781,SYN_009,Z007
ENT_00782,SYN_009,Z007
ENT_00783,SYN_009,Z007
ENT_00784,SYN_009,Z007
ENT_00785,SYN_009,Z007
ENT_00786,SYN_009,Z007
ENT_00787,SYN_009,Z007
ENT_00788,SYN_009,Z007
ENT_00789,SYN_009,Z007
ENT_00790,SYN_009,Z007
ENT_00791,SYN_009,Z007
ENT_00792,SYN_009,Z007
ENT_00793,SYN_009,Z007
ENT_00794,SYN_009,Z007
ENT_00795,SYN_009,Z007
ENT_00796,SYN_009,Z007
ENT_00797,SYN_009,Z007
ENT_00798,SYN_009,Z007
ENT_00799,SYN_009,Z007
ENT_00800,SYN_009,Z007
ENT_00801,SYN_009,Z007
ENT_00802,SYN_009,Z007
ENT_00803,SYN_009,Z007
ENT_00804,SYN_009,Z007
ENT_00805,SYN_009,Z007
ENT_00806,SYN_009,Z007
ENT_00807,SYN_009,Z007
ENT_00808,SYN_009,Z007
ENT_00809,SYN_009,Z007
ENT_00810,SYN_009,Z007
ENT_00811,SYN_009,Z007
ENT_00812,SYN_009,Z007
ENT_00813,SYN_009,Z007
ENT_00814,SYN_009,Z007
ENT_00815,SYN_009,Z007
ENT_00816,SYN_009,Z007
ENT_00817,SYN_009,Z007
ENT_00818,SYN_009,Z007
ENT_00819,SYN_009,Z007
ENT_00820,SYN_009,Z007
ENT_00821,SYN_009,Z007
ENT_00822,SYN_009,Z007
ENT_00823,SYN_009,Z007
ENT_00824,SYN_009,Z007
ENT_00825,SYN_009,Z007
ENT_00826,SYN_009,Z007
ENT_00827,SYN_009,Z007
ENT_00828,SYN_009,Z007
ENT_00829,SYN_009,Z007
ENT_00830,SYN_009,Z007
ENT_00831,SYN_009,Z007
ENT_00832,SYN_009,Z007
ENT_00833,SYN_009,Z007
ENT_00834,SYN_009,Z007
ENT_00835,SYN_009,Z007
ENT_00836,SYN_009,Z007
ENT_00837,SYN_009,Z007
ENT_00838,SYN_009,Z007
ENT_00839,SYN_009,Z007
ENT_00840,SYN_009,Z007
ENT_00841,SYN_009,Z007
ENT_00842,SYN_009,Z007
ENT_00843,SYN_009,Z007
ENT_00844,SYN_009,Z007
ENT_00845,SYN_009,Z007
ENT_00846,SYN_009,Z007
ENT_00847,SYN_009,Z007
ENT_00848,SYN_009,Z007
ENT_00849,SYN_009,Z007
ENT_00850,SYN_009,Z007
ENT_00851,SYN_009,Z007
ENT_00852,SYN_009,Z007
ENT_00853,SYN_009,Z007
ENT_00854,SYN_009,Z007
ENT_00855,SYN_009,Z007
ENT_00856,SYN_009,Z007
ENT_00857,SYN_009,Z007
ENT_00858,SYN_009,Z007
ENT_00859,SYN_009,Z007
ENT_00860,SYN_009,Z007
ENT_00861,SYN_009,Z007
ENT_00862,SYN_009,Z007
ENT_00863,SYN_009,Z007
ENT_00864,SYN_009,Z007
ENT_00865,SYN_009,Z007
ENT_00866,SYN_009,Z007
ENT_00867,SYN_009,Z007
ENT_00868,SYN_009,Z007
ENT_00869,SYN_009,Z007
ENT_00870,SYN_010,Z049
ENT_00871,SYN_010,Z049
ENT_00872,SYN_010,Z001
ENT_00873,SYN_010,Z009
ENT_00874,SYN_010,Z009
ENT_00875,SYN_010,Z001
ENT_00876,SYN_010,Z049
ENT_00877,SYN_010,Z049
ENT_00878,SYN_010,Z001
ENT_00879,SYN_010,Z009
ENT_00880,SYN_010,Z049
ENT_00881,SYN_010,Z001
ENT_00882,SYN_010,Z001
ENT_00883,SYN_010,Z001
ENT_00884,SYN_010,Z001
ENT_00885,SYN_010,Z049
ENT_00886,SYN_010,Z009
ENT_00887,SYN_010,Z001
ENT_00888,SYN_010,Z009
ENT_00889,SYN_010,Z049
ENT_00890,SYN_010,Z049
ENT_00891,SYN_010,Z049
ENT_00892,SYN_010,Z049
ENT_00893,SYN_010,Z009
ENT_00894,SYN_010,Z049
ENT_00895,SYN_010,Z001
ENT_00896,SYN_010,Z049
ENT_00897,SYN_010,Z001
ENT_00898,SYN_010,Z001
ENT_00899,SYN_010,Z049
ENT_00900,SYN_010,Z049
ENT_00901,SYN_010,Z049
ENT_00902,SYN_010,Z001
ENT_00903,SYN_010,Z009
ENT_00904,SYN_010,Z001
ENT_00905,SYN_010,Z001
ENT_00906,SYN_010,Z001
ENT_00907,SYN_010,Z049
ENT_00908,SYN_010,Z009
ENT_00909,SYN_010,Z049
ENT_00910,SYN_010,Z049
ENT_00911,SYN_010,Z049
ENT_00912,SYN_010,Z001
ENT_00913,SYN_010,Z049
ENT_00914,SYN_010,Z049
ENT_00915,SYN_010,Z009
ENT_00916,SYN_010,Z009
ENT_00917,SYN_010,Z049
ENT_00918,SYN_010,Z049
ENT_00919,SYN_010,Z001
ENT_00920,SYN_010,Z049
ENT_00921,SYN_010,Z049
ENT_00922,SYN_010,Z001
ENT_00923,SYN_010,Z049
ENT_00924,SYN_010,Z001
ENT_00925,SYN_010,Z009
ENT_00926,SYN_010,Z009
ENT_00927,SYN_010,Z009
ENT_00928,SYN_010,Z001
ENT_00929,SYN_010,Z049
ENT_00930,SYN_010,Z049
ENT_00931,SYN_010,Z049
ENT_00932,SYN_010,Z009
ENT_00933,SYN_010,Z049
ENT_00934,SYN_010,Z001
ENT_00935,SYN_010,Z009
ENT_00936,SYN_010,Z001
ENT_00937,SYN_010,Z001
ENT_00938,SYN_010,Z001
ENT_00939,SYN_010,Z049
ENT_00940,SYN_010,Z001
ENT_00941,SYN_010,Z049
ENT_00942,SYN_010,Z001
ENT_00943,SYN_010,Z009
ENT_00944,SYN_010,Z009
ENT_00945,SYN_010,Z001
ENT_00946,SYN_010,Z049
ENT_00947,SYN_010,Z049
ENT_00948,SYN_010,Z001
ENT_00949,SYN_010,Z049
ENT_00950,SYN_010,Z009
ENT_00951,SYN_010,Z001
ENT_00952,SYN_010,Z049
ENT_00953,SYN_010,Z049
ENT_00954,SYN_010,Z001
ENT_00955,SYN_010,Z009
ENT_00956,SYN_010,Z009
ENT_00957,SYN_010,Z001
ENT_00958,SYN_010,Z049
ENT_00959,SYN_010,Z001
ENT_00960,SYN_010,Z049
ENT_00961,SYN_010,Z001
ENT_00962,SYN_010,Z049
ENT_00963,SYN_010,Z009
ENT_00964,SYN_010,Z001
ENT_00965,SYN_010,Z049
ENT_00966,SYN_010,Z009
ENT_00967,SYN_010,Z049
ENT_00968,SYN_010,Z049
ENT_00969,SYN_010,Z049
ENT_00970,SYN_010,Z049
ENT_00971,SYN_010,Z001
ENT_00972,SYN_010,Z009
ENT_00973,SYN_010,Z009
ENT_00974,SYN_010,Z001
ENT_00975,SYN_010,Z049
ENT_00976,SYN_010,Z009
ENT_00977,SYN_010,Z009
ENT_00978,SYN_010,Z001
ENT_00979,SYN_010,Z049
ENT_00980,SYN_010,Z049
ENT_00981,SYN_010,Z049
ENT_00982,SYN_010,Z001
ENT_00983,SYN_010,Z001
ENT_00984,SYN_010,Z049
ENT_00985,SYN_010,Z001
ENT_00986,SYN_010,Z001
ENT_00987,SYN_010,Z001
ENT_00988,SYN_010,Z049
ENT_00989,SYN_010,Z049
ENT_00990,SYN_010,Z049
ENT_00991,SYN_010,Z049
ENT_00992,SYN_010,Z001
ENT_00993,SYN_010,Z049
ENT_00994,SYN_010,Z009
ENT_00995,SYN_010,Z049
ENT_00996,SYN_010,Z009
ENT_00997,SYN_010,Z001
ENT_00998,SYN_010,Z001
ENT_00999,SYN_010,Z001
ENT_01000,SYN_010,Z049
ENT_01001,SYN_010,Z009
ENT_01002,SYN_010,Z049
ENT_01003,SYN_011,Z050
ENT_01004,SYN_011,Z017
ENT_01005,SYN_011,Z050
ENT_01006,SYN_011,Z050
ENT_01007,SYN_011,Z050
ENT_01008,SYN_011,Z050
ENT_01009,SYN_011,Z017
ENT_01010,SYN_011,Z017
ENT_01011,SYN_011,Z050
ENT_01012,SYN_011,Z050
ENT_01013,SYN_011,Z050
ENT_01014,SYN_011,Z017
ENT_01015,SYN_011,Z050
ENT_01016,SYN_011,Z050
ENT_01017,SYN_011,Z017
ENT_01018,SYN_011,Z050
ENT_01019,SYN_011,Z050
ENT_01020,SYN_011,Z017
ENT_01021,SYN_011,Z017
ENT_01022,SYN_011,Z050
ENT_01023,SYN_011,Z017
ENT_01024,SYN_011,Z017
ENT_01025,SYN_011,Z050
ENT_01026,SYN_011,Z050
ENT_01027,SYN_011,Z050
ENT_01028,SYN_011,Z050
ENT_01029,SYN_011,Z050
ENT_01030,SYN_011,Z050
ENT_01031,SYN_011,Z050
ENT_01032,SYN_011,Z017
ENT_01033,SYN_011,Z017
ENT_01034,SYN_011,Z050
ENT_01035,SYN_011,Z017
ENT_01036,SYN_011,Z017
ENT_01037,SYN_012,Z015
ENT_01038,SYN_012,Z015
ENT_01039,SYN_012,Z015
ENT_01040,SYN_012,Z015
ENT_01041,SYN_012,Z015
ENT_01042,SYN_012,Z015
ENT_01043,SYN_012,Z015
ENT_01044,SYN_012,Z015
ENT_01045,SYN_012,Z015
ENT_01046,SYN_012,Z015
ENT_01047,SYN_012,Z015
ENT_01048,SYN_012,Z015
ENT_01049,SYN_012,Z015
ENT_01050,SYN_012,Z015
ENT_01051,SYN_012,Z015
ENT_01052,SYN_012,Z015
ENT_01053,SYN_012,Z015
ENT_01054,SYN_012,Z015
ENT_01055,SYN_012,Z015
ENT_01056,SYN_012,Z015
ENT_01057,SYN_012,Z015
ENT_01058,SYN_012,Z015
ENT_01059,SYN_012,Z015
ENT_01060,SYN_012,Z015
ENT_01061,SYN_012,Z015
ENT_01062,SYN_012,Z015
ENT_01063,SYN_012,Z015
ENT_01064,SYN_012,Z015
ENT_01065,SYN_012,Z015
ENT_01066,SYN_012,Z015
ENT_01067,SYN_012,Z015
ENT_01068,SYN_012,Z015
ENT_01069,SYN_012,Z015
ENT_01070,SYN_012,Z015
ENT_01071,SYN_012,Z015
ENT_01072,SYN_012,Z015
ENT_01073,SYN_012,Z015
ENT_01074,SYN_012,Z015
ENT_01075,SYN_012,Z015
ENT_01076,SYN_012,Z015
ENT_01077,SYN_012,Z015
ENT_01078,SYN_012,Z015
ENT_01079,SYN_012,Z015
ENT_01080,SYN_012,Z015
ENT_01081,SYN_012,Z015
ENT_01082,SYN_012,Z015
ENT_01083,SYN_012,Z015
ENT_01084,SYN_012,Z015
ENT_01085,SYN_012,Z015
ENT_01086,SYN_012,Z015
ENT_01087,SYN_012,Z015
ENT_01088,SYN_012,Z015
ENT_01089,SYN_012,Z015
ENT_01090,SYN_012,Z015
ENT_01091,SYN_012,Z015
ENT_01092,SYN_012,Z015
ENT_01093,SYN_012,Z015
ENT_01094,SYN_012,Z015
ENT_01095,SYN_012,Z015
ENT_01096,SYN_012,Z015
ENT_01097,SYN_012,Z015
ENT_01098,SYN_012,Z015
ENT_01099,SYN_012,Z015
ENT_01100,SYN_012,Z015
ENT_01101,SYN_012,Z015
ENT_01102,SYN_012,Z015
ENT_01103,SYN_012,Z015
ENT_01104,SYN_012,Z015
ENT_01105,SYN_012,Z015
ENT_01106,SYN_012,Z015
ENT_01107,SYN_012,Z015
ENT_01108,SYN_013,Z011
ENT_01109,SYN_013,Z011
ENT_01110,SYN_013,Z011
ENT_01111,SYN_013,Z011
ENT_01112,SYN_013,Z011
ENT_01113,SYN_013,Z011
ENT_01114,SYN_013,Z011
ENT_01115,SYN_013,Z011
ENT_01116,SYN_013,Z011
ENT_01117,SYN_013,Z011
ENT_01118,SYN_013,Z011
ENT_01119,SYN_013,Z011
ENT_01120,SYN_013,Z011
ENT_01121,SYN_013,Z011
ENT_01122,SYN_013,Z011
ENT_01123,SYN_013,Z011
ENT_01124,SYN_013,Z011
ENT_01125,SYN_013,Z011
ENT_01126,SYN_013,Z011
ENT_01127,SYN_013,Z011
ENT_01128,SYN_013,Z011
ENT_01129,SYN_013,Z011
ENT_01130,SYN_013,Z011
ENT_01131,SYN_013,Z011
ENT_01132,SYN_013,Z011
ENT_01133,SYN_013,Z011
ENT_01134,SYN_013,Z011
ENT_01135,SYN_013,Z011
ENT_01136,SYN_013,Z011
ENT_01137,SYN_013,Z011
ENT_01138,SYN_013,Z011
ENT_01139,SYN_013,Z011
ENT_01140,SYN_013,Z011
ENT_01141,SYN_013,Z011
ENT_01142,SYN_013,Z011
ENT_01143,SYN_013,Z011
ENT_01144,SYN_013,Z011
ENT_01145,SYN_013,Z011
ENT_01146,SYN_013,Z011
ENT_01147,SYN_013,Z011
ENT_01148,SYN_013,Z011
ENT_01149,SYN_013,Z011
ENT_01150,SYN_013,Z011
ENT_01151,SYN_013,Z011
ENT_01152,SYN_013,Z011
ENT_01153,SYN_013,Z011
ENT_01154,SYN_013,Z011
ENT_01155,SYN_013,Z011
ENT_01156,SYN_013,Z011
ENT_01157,SYN_013,Z011
ENT_01158,SYN_013,Z011
ENT_01159,SYN_013,Z011
ENT_01160,SYN_013,Z011
ENT_01161,SYN_013,Z011
ENT_01162,SYN_013,Z011
ENT_01163,SYN_013,Z011
ENT_01164,SYN_013,Z011
ENT_01165,SYN_013,Z011
ENT_01166,SYN_013,Z011
ENT_01167,SYN_013,Z011
ENT_01168,SYN_013,Z011
ENT_01169,SYN_013,Z011
ENT_01170,SYN_013,Z011
ENT_01171,SYN_013,Z011
ENT_01172,SYN_013,Z011
ENT_01173,SYN_013,Z011
ENT_01174,SYN_013,Z011
ENT_01175,SYN_013,Z011
ENT_01176,SYN_013,Z011
ENT_01177,SYN_013,Z011
ENT_01178,SYN_013,Z011
ENT_01179,SYN_013,Z011
ENT_01180,SYN_013,Z011
ENT_01181,SYN_013,Z011
ENT_01182,SYN_013,Z011
ENT_01183,SYN_013,Z011
ENT_01184,SYN_013,Z011
ENT_01185,SYN_013,Z011
ENT_01186,SYN_013,Z011
ENT_01187,SYN_013,Z011
ENT_01188,SYN_013,Z011
ENT_01189,SYN_013,Z011
ENT_01190,SYN_013,Z011
ENT_01191,SYN_013,Z011
ENT_01192,SYN_013,Z011
ENT_01193,SYN_013,Z011
ENT_01194,SYN_013,Z011
ENT_01195,SYN_013,Z011
ENT_01196,SYN_013,Z011
ENT_01197,SYN_013,Z011
ENT_01198,SYN_013,Z011
ENT_01199,SYN_013,Z011
ENT_01200,SYN_013,Z011
ENT_01201,SYN_013,Z011
ENT_01202,SYN_013,Z011
ENT_01203,SYN_013,Z011
ENT_01204,SYN_013,Z011
ENT_01205,SYN_013,Z011
ENT_01206,SYN_013,Z011
ENT_01207,SYN_013,Z011
ENT_01208,SYN_013,Z011
ENT_01209,SYN_013,Z011
ENT_01210,SYN_013,Z011
ENT_01211,SYN_013,Z011
ENT_01212,SYN_013,Z011
ENT_01213,SYN_013,Z011
ENT_01214,SYN_013,Z011
ENT_01215,SYN_013,Z011
ENT_01216,SYN_013,Z011
ENT_01217,SYN_013,Z011
ENT_01218,SYN_013,Z011
ENT_01219,SYN_013,Z011
ENT_01220,SYN_013,Z011
ENT_01221,SYN_013,Z011
ENT_01222,SYN_013,Z011
ENT_01223,SYN_013,Z011
ENT_01224,SYN_013,Z011
ENT_01225,SYN_013,Z011
ENT_01226,SYN_013,Z011
ENT_01227,SYN_013,Z011
ENT_01228,SYN_013,Z011
ENT_01229,SYN_013,Z011
ENT_01230,SYN_013,Z011
ENT_01231,SYN_013,Z011
ENT_01232,SYN_013,Z011
ENT_01233,SYN_013,Z011
ENT_01234,SYN_013,Z011
ENT_01235,SYN_013,Z011
ENT_01236,SYN_013,Z011
ENT_01237,SYN_013,Z011
ENT_01238,SYN_013,Z011
ENT_01239,SYN_013,Z011
ENT_01240,SYN_013,Z011
ENT_01241,SYN_013,Z011
ENT_01242,SYN_013,Z011
ENT_01243,SYN_013,Z011
ENT_01244,SYN_013,Z011
ENT_01245,SYN_013,Z011
ENT_01246,SYN_013,Z011
ENT_01247,SYN_013,Z011
ENT_01248,SYN_013,Z011
ENT_01249,SYN_013,Z011
ENT_01250,SYN_013,Z011
ENT_01251,SYN_013,Z011
ENT_01252,SYN_013,Z011
ENT_01253,SYN_013,Z011
ENT_01254,SYN_013,Z011
ENT_01255,SYN_014,Z068
ENT_01256,SYN_014,Z068
ENT_01257,SYN_014,Z068
ENT_01258,SYN_014,Z068
ENT_01259,SYN_014,Z068
ENT_01260,SYN_014,Z056
ENT_01261,SYN_014,Z068
ENT_01262,SYN_014,Z056
ENT_01263,SYN_014,Z068
ENT_01264,SYN_014,Z068
ENT_01265,SYN_014,Z056
ENT_01266,SYN_014,Z068
ENT_01267,SYN_014,Z042
ENT_01268,SYN_014,Z056
ENT_01269,SYN_014,Z056
ENT_01270,SYN_014,Z056
ENT_01271,SYN_014,Z056
ENT_01272,SYN_014,Z056
ENT_01273,SYN_014,Z042
ENT_01274,SYN_014,Z056
ENT_01275,SYN_014,Z068
ENT_01276,SYN_014,Z042
ENT_01277,SYN_014,Z056
ENT_01278,SYN_014,Z042
ENT_01279,SYN_014,Z042
ENT_01280,SYN_014,Z056
ENT_01281,SYN_014,Z042
ENT_01282,SYN_014,Z042
ENT_01283,SYN_014,Z056
ENT_01284,SYN_014,Z068
ENT_01285,SYN_014,Z042
ENT_01286,SYN_014,Z068
ENT_01287,SYN_014,Z042
ENT_01288,SYN_014,Z056
ENT_01289,SYN_014,Z068
ENT_01290,SYN_014,Z068
ENT_01291,SYN_014,Z042
ENT_01292,SYN_014,Z056
ENT_01293,SYN_014,Z042
ENT_01294,SYN_014,Z042
ENT_01295,SYN_014,Z042
ENT_01296,SYN_014,Z042
ENT_01297,SYN_014,Z068
ENT_01298,SYN_014,Z056
ENT_01299,SYN_014,Z068
ENT_01300,SYN_014,Z042
ENT_01301,SYN_014,Z068
ENT_01302,SYN_014,Z056
ENT_01303,SYN_014,Z068
ENT_01304,SYN_014,Z042
ENT_01305,SYN_014,Z056
ENT_01306,SYN_014,Z056
ENT_01307,SYN_014,Z042
ENT_01308,SYN_014,Z042
ENT_01309,SYN_014,Z056
ENT_01310,SYN_014,Z056
ENT_01311,SYN_014,Z042
ENT_01312,SYN_014,Z056
ENT_01313,SYN_014,Z056
ENT_01314,SYN_014,Z068
ENT_01315,SYN_014,Z042
ENT_01316,SYN_014,Z056
ENT_01317,SYN_014,Z056
ENT_01318,SYN_014,Z068
ENT_01319,SYN_014,Z042
ENT_01320,SYN_014,Z056
ENT_01321,SYN_014,Z068
ENT_01322,SYN_014,Z056
ENT_01323,SYN_014,Z056
ENT_01324,SYN_014,Z056
ENT_01325,SYN_014,Z068
ENT_01326,SYN_014,Z068
ENT_01327,SYN_014,Z056
ENT_01328,SYN_014,Z056
ENT_01329,SYN_014,Z068
ENT_01330,SYN_014,Z068
ENT_01331,SYN_014,Z056
ENT_01332,SYN_014,Z068
ENT_01333,SYN_014,Z042
ENT_01334,SYN_014,Z042
ENT_01335,SYN_014,Z068
ENT_01336,SYN_014,Z068
ENT_01337,SYN_014,Z056
ENT_01338,SYN_014,Z042
ENT_01339,SYN_014,Z056
ENT_01340,SYN_014,Z068
ENT_01341,SYN_014,Z042
ENT_01342,SYN_014,Z056
ENT_01343,SYN_014,Z042
ENT_01344,SYN_014,Z068
ENT_01345,SYN_014,Z068
ENT_01346,SYN_014,Z042
ENT_01347,SYN_014,Z042
ENT_01348,SYN_015,Z017
ENT_01349,SYN_015,Z026
ENT_01350,SYN_015,Z026
ENT_01351,SYN_015,Z045
ENT_01352,SYN_015,Z017
ENT_01353,SYN_015,Z045
ENT_01354,SYN_015,Z026
ENT_01355,SYN_015,Z026
ENT_01356,SYN_015,Z017
ENT_01357,SYN_015,Z017
ENT_01358,SYN_015,Z026
ENT_01359,SYN_015,Z017
ENT_01360,SYN_015,Z017
ENT_01361,SYN_015,Z026
ENT_01362,SYN_015,Z045
ENT_01363,SYN_015,Z045
ENT_01364,SYN_015,Z045
ENT_01365,SYN_015,Z026
ENT_01366,SYN_015,Z017
ENT_01367,SYN_015,Z026
ENT_01368,SYN_015,Z045
ENT_01369,SYN_015,Z017
ENT_01370,SYN_015,Z026
ENT_01371,SYN_015,Z017
ENT_01372,SYN_015,Z026
ENT_01373,SYN_015,Z045
ENT_01374,SYN_015,Z026
ENT_01375,SYN_015,Z045
